yes,id,die,m,me,diena,val,min,endv,endm,what,pic,pav,prog

Filmai

n,1,Pirmadienis,02,02,11,20.,25,22.,15,Filmas,128a.gif,"Amþinoji romantika.<br> Romeo ir Dþiuljeta"," (Romeo+Juliet). JAV. 1996. Drama. Reþ. Baz Luhermann. Vaidina Leonardo DiCaprio, Edwin Moore, Claire Danes, John Leguizamo.<br>Ankstesnysis ðiemet kino pasaulá sudrebinusio miuziklo &quot;Mulenruþas&quot; reþisieriaus Bazo Luhermanno darbas &quot;Romeo ir Dþiuljeta&quot; buvo nominuotas &quot;Oskarui&quot;. Britø teatro ir kino akademija ðá filmà apdovanojo net keturiais prizais - vienas jø teko paèiam reþisieriui. Klasikinë Williamo Shakespeare'o pjesë ir romantiðkiausia visø laikø meilës istorija perkelta á mûsø dienas. Dviejø galingø ir nuolat kariaujanèiø ðeimø atþalos pamilsta vienas kità, bet jø meilë mirðta drauge su jais, nes dvi prieðiðkos grupuotës në svajoti negali apie susijungimà… Romeo vaidmuo ðiame romantiðkame ir drauge labai ðiuolaikiðkame filme teko þymiajam Leonardo DiCaprio."
n,3,Treèiadienis,02,02,13,22.,25,24.,15,Filmas,129.gif,"Kûnas - daiktinis árodymas"," (Body of Evidence). JAV. 1993. Trileris. Reþ. Ulrich Edel. Vaidina Madonna, Michael Forest, Willem Dafoe, Julianne Moore, Joe Mantegna. (N-14)<br>Garsus milijonierius rastas negyvas, prirakintas prie lovos. Jo nuþudymu apkaltinta meiluþë. Prokuroras ketina árodyti, kad ji, þinodama, kokia silpna jos draugo ðirdis, tyèia pernelyg audringai su juo mylëjosi. Moters advokatas ásitikinæs meiluþës nekaltumu, taèiau ji klastinga ir negailestinga...<br>Drauge su Madona filme vaidina &quot;Oskarui&quot; nominuotas Vilemas Defou (&quot;Anglas ligonis&quot;) ir Dþiulijana Mur (&quot;Magnolija&quot;)."
n,4,Ketvirtadienis,02,02,14,22.,00,24.,20,Filmas,130.gif,"Kai vyras myli moterá"," (When a Man Loves a Woman). JAV. 1994. Drama. Reþ. Luis Mandoki. Vaidina Meg Ryan, Andy Garcia, Ellen Burstyn, Tina Majorino. (T)<br>Ði meilës istorija prasideda keistai, mat áprasta, kad meilës romanai bûtent ðioje vietoje ir pasibaigia. Jauni sutuoktiniai turi nuostabià ðeimà, augina dvi þavias dukreles. Taèiau jø gyvenimas nëra graþus ir laimingas. Moteris slepia baisià paslaptá, kurios negali atverti net savo artimiesiems. Ji - alkoholikë."
n,5,Penktadienis,02,02,15,13.,15,13.,59,Filmas,131.gif,"Medigano milijonas"," (Madigan's Million - El millôn de Madigan). Ispanija, Italija. 1968. Komedija. Reþ. Giorgio Gentili. Vaidina Dustin Hoffman, Elsa Martinelli, Cesar Romero, Gustavo Rojo.<br>Italijoje mirðta turtais ir nusikaltimais pagarsëjæs gangsteris. Netrukus JAV valstybës iþdas susidomi, kur jis galëjo paslëpti Amerikoje pagrobtà milijonà. Atskleisti didþiosios paslapties pasiunèiamas Dþeisonas Fisteris (akt. Dustinas Hofmannas) - tikras nevykëlis, kurio negali pakæsti virðininkas…"
n,5,Penktadienis,02,02,15,20.,25,22.,15,Filmas,132.gif,"Didysis penktadienio filmas.<br> Iðprotëjæs Honkongas"," (Crazy Hong Kong - Heonggong ya fungkwong). Honkongas. 1993. Komedija. Reþ. Wellson Chin. Vaidina Michael Chow Man-Kin, Conrad Janis, N!xau.<br>Ið áþymiøjø komedijø &quot;Dievai tikriausiai pamiðæ&quot; gerai paþástamas buðmenas N!xau ðákart atsiduria Honkonge ir patiria në kiek ne maþiau juokingø europieèiams istorijø. Ir viskas vël per tà nelemtà kokakolos butelá. Buðmenas atkeliauja á tolimàjá ir visai nepaþástamà miestà ieðkoti moters, kuri á buteliukà ákiðo maþà dirbtiná paukðtelá. Afrikieèiø gentis nusprendþia, kad paukðtukas turi bûti laisvas ir tik ði paslaptinga moteris gali já iðlaisvinti…"
n,5,Penktadienis,02,02,15,22.,25,24.,15,Filmas,133.gif,"Triguba apgaulë"," (Triplecross). JAV.1995. Trileris. Reþ. Jeno Hodi. Vaidina Michael Pare, Billy Dee Williams, Ashley Laurence, Patrick Bergen. (N-14)<br>... Jie grobë brangenybes ið banko taip ámantriai, kad Federalinis tyrimø biuras buvo priverstas visiðkai pakeisti savo taktikà ir griebtis nemaþiau ámantrios apgaulës. Federaliniai agentai prikalbino vienà kaliná prisidëti prie plëðikø gaujos…."
n,5,Penktadienis,02,02,15,24.,15,01.,55,Filmas,134.gif,"Neávardijamas"," (Unnamable). JAV. 1988. Siaubo filmas. Reþ. Jean-Paul Ouellette. Vaidina Charles King, Mark Kinsey Stephenson, Alexandra Durrell. (S)<br>Pagal Hovardo Filipso Lavkrafto (H. P. Lovecraft) apsakymà &quot;Neávardijamas&quot;. <br>Uþ kapiniø stovi apleistas namas. Sklinda legendos, kad jo lango stikle ákalinta neapibûdinama bûtybë. Tie, kurie jà pamatë, ið siaubo iðprotëjo. Keli studentai nusprendþia patys iðsiaiðkinti, ar ið tiesø tai, kà pasakoja vietiniai gyventojai, yra tokia ðiurpi tiesa..."
n,6,Ðeðtadienis,02,02,16,11.,00,12.,50,Filmas,135.gif,"Legenda apie dingusá kapà"," (Legend of the Lost Tomb). JAV. 1997. Nuotykiø filmas. Reþ. Jonathan Winfrey. Vaidina Brock Pierce, Kimberlee Peterson, Rick Rossovich, Stacy Keach.<br>Garsaus archeologijos mokslø daktaro sûnus atvaþiuoja aplankyti tëvo á Egiptà. Deja, iðaiðkëja, kad tëvà laiko ákaitu godus universiteto laikø draugas. Mainais uþ tëvà jis praðo istorinës vertybës - papiruso, kuriame paþymëtas prieð tûkstantmeèius dingæs kapas. Kaip þinia, senovës egiptieèiai kartu su faraonais laidodavo ir jø turtus."
n,6,Ðeðtadienis,02,02,16,15.,25,17.,00,Filmas,136.gif,"Þmogus-kondoras"," (Condorman). Didþioji Britanija.1981. Nuotykiø komedija. Reþ. Charles Jarrott. Vaidina Michael Crawford, Oliver Reed, Barbara Carrera. <br>Áspûdinga graþuolë, buvusi Dþeimso Bondo mergina Barbara Karera ðákart vaidina Natalijà - ðnipæ ið Rusijos. Ji pamilsta komiksø kûrëjà Vudá, kuriam visai netyèia tenka atlikti slaptà CÞV uþduotá. Mat ðios tarnybos vadovas susitarë, kad operacijoje dalyvaus civilis. Taèiau Vudis pasirodë taip áspûdingai, kad CÞV skyrë jam dar vienà uþduotá. Èia jis ir vël susitiko su þaviàja Natalija…"
n,6,Ðeðtadienis,02,02,16,17.,00,18.,45,Filmas,137.gif,"Didysis drambliukës pabëgimas"," (The Great Elephant Escape). JAV. 1995. Nuotykiø filmas. Reþ. George Miller. Vaidina Stephanie Zimbalist. Joseph Gordon - Levit, Leo Burmester, Frederick M'Cormac.<BR>Metju su mama atvyksta á savo svajoniø ðalá - Afrikà. Èia susidraugauja su maþa drambliuke Ele. Brakonieriai nuþudë jos motinà, todël maþylæ priglaudë ûkininkas. Taèiau drambliukæ auginti labai sunku ir jà tenka parduoti turtingam ir þiauriam egzotiðkø gyvûnø kolekcionieriui. Metju nieku gyvu nenori atiduoti savo drauguþës, tad su masajø berniuku bei savo numylëtine iðkeliauja á savanà pasitikti daugybës nuotykiø…"
n,6,Ðeðtadienis,02,02,16,19.,40,19.,44,Filmas,138.gif,"Nepriklausomybës diena"," (Independence Day). JAV. 1996. Veiksmo filmas. Reþ. Roland Emmerich. Vaidina Will Smith, Bill Pullman, Jeff Goldblum. (T)<br>&quot;Patrioto&quot; ir &quot;Godzilos&quot; reþisieriaus Rolando Emmerich'o filmas &quot;Nepriklausomybës diena&quot; tiesiog pribloðkë kino kritikus ir þiûrovus specialiaisiais efektais. Uþ juos 1997-aisiais filmas pelnë &quot;Oskarà&quot;. Garsûs ir talentingi aktoriai Vilas Smitas (&quot;Vyrai juodais drabuþiais&quot;), Bilas Pulmanas (&quot;Kol tu miegojai&quot;), Dþefas Goldblumas (&quot;Musë&quot;, &quot;Juros periodo parkas&quot;) vaidina istorijoje apie nepaprastà Þemës gyventojams dienà. Prieð pat nacionalinæ JAV ðventæ - liepos ketvirtàjà - danguje pasirodo keisti skraidantys objektai. Juos pilotuoja ateiviai, kuriø ketinimai visai nedraugiðki. Atëjûnai ið kitos planetos yra sumanæ sunaikinti þmonijà ir uþgrobti Þemæ…"
n,6,Ðeðtadienis,02,02,16,22.,20,24.,00,Filmas,139.gif,"Riteriai"," (Knights). JAV.1993. Nuotykiø filmas. Reþ. Albert Pyun. Vaidina Kathy Long, Kris Kristofferson, Lance Henriksen. (N-14)<br>Praëjo daug ðimtmeèiø ir Þemë pasikeitë. Dabar ji - dykynë, kurià valdo kraugeriai robotai, nevykæ þmonijos kûriniai. Robotams pasiprieðinti gali tik viena naðlaitë, kurios tëvus kadaise nuþudë galingas kiborgø valdovas. Iðmokusi kovos meno, ji patraukia tiesiai á robotø stovyklà stoti á kovà uþ þmonijos laisvæ..."
n,6,Ðeðtadienis,02,02,16,24.,00,01.,40,Filmas,140.gif,"Sutemø tarnai"," (Servants of Twilight). JAV. 1990. Siaubo filmas. Reþ. Jeffrey Obrow. Vaidina Bruce Greenwood, Belinda Bauer, Grace Zabriskie, Richard Bradford, Jarrett Lennon, Jack Kehoe.(S)<br>Dþojus Skavelo - ramus ir mielas ðeðeriø metø berniukas. Taip atrodo tëvui, motinai ir daugeliui aplinkiniø. Taèiau retkarèiais nutinkanti tai vienokia, tai kitokia keistybë labai sudomina tikëjimo fanatikus. Ðie tvirtina, kad Dþojus Skavelo - paties ðëtono iðpera, ir pasiðauna já nuþudyti. Berniuko motina kreipiasi pagalbos á privatø detektyvà, ir ðis imasi gilintis á fanatikø agresijà provokuojanèius faktus..."
n,7,Sekmadienis,02,02,17,11.,50,13.,30,Filmas,141.gif,"Beþdþionëlës, namo!"," (Monkeys, Go Home!). JAV. 1967. Komedija. Reþ. Andrew V. McLaglen. Vaidina Dean Jones, Maurice Chevalier, <br>Alyvmedþiø plantacijos savininkas nustebina savo kaimynus. Savo derliui nuimti jis pasamdo ne þmones, o parsigabena visà pulkà… beþdþionëliø. Ið pradþiø sumanymas atrodo puikus - juk ðimpanziukëms nereikia mokëti uþ darbà. Taèiau netrukus paaiðkëja, kad beþdþionëlës pridaro ðeimininkui daugiau rûpesèiø nei ánoringiausi ir tingiausi darbininkai…"
n,7,Sekmadienis,02,02,17,20.,15,22.,10,Filmas,142.gif,"Savaitgalio karðtis.<br> Robinas ið Lokslio"," (Robin of Locksley). JAV. 1996. Nuotykiø filmas. Reþ. Michael Kennedy (I). Vaidina Devon Sawa, Joshua Jackson, Sarah Chalke, Tyler Labine. <br>Ðiø laikø Robino Hudo istorija. Robinas Makalisteris pradeda lankyti naujà mokyklà. Èia susitinka þavià merginà Marijon, susidraugauja su Vilu Skarletu bei maþuoju Dþonu. Visi kartu jie padeda klasës draugui susimokëti milþiniðkas sàskaitas uþ gydymà. Besistengdami padëti draugui, visi keturi áklimpsta á ne visai ðvarius reikaliukus… Ketvertà draugø pradeda sekti FTB…"

Vaikai

n, ,Ðeðtadiená, , , ,09.,05, , ,Vaikams,dogs.gif,"Visi ðunys keliauja á dangø"," (All Dogs Go To Heaven). JAV. 1997. Animacinis filmas.<br>Linksmas filmukas apie ðunø gyvenimà. Jø nuotykiai, meilës romanai ir netgi mintys..."
n, ,Savaitgalá, , , ,08.,05, , ,Vaikams,tralialia.gif,"&quot;Ryto tra-lia-lia&quot;.","Savaitgaliø rytais vaikus vël þadins Inesos pasakëlës, naminuko Berto stebuklai, spintos Rozalijos lëliø teatras ir daugybë neátikëtinø Spinduliø gatvelës siurprizø. Ðaunieji Tralialiø namelio gyventojai mokosi, dûksta ir svajoja drauge su savo maþaisiais þiûrovais. Televizorius Pranukas greta jau pamëgtø animaciniø serialø "Garfildas ir draugai" ("Garfield and Friends"), "Digimonai" ("Digimons") bei "Liûtaðirdþiai" ("The Lionhearts"), parodys ir garsaus vaikø kanalo "Nickelodeon" animacijà - serialus "Padauþos bebriukai" ("The Angry Beavers") apie dviejø broliø bebrø neátikëtinai juokingus nuotykius ir "Kempiniukas" ("Spongebob Squarepants") apie neáprastà personaþà - jûroje gyventá Kempiniukà bei jo draugus. <br>Laidà veda Inesa Paliulytë."
n, ,Savaitgalá, , , ,08.,35, , ,Vaikams,bebriukai.gif,Padauþos bebriukai," (The Angry Beavers). Animacinë komedija. Du maþi bebriukai Norbertas ir Dadþetas lieka vienui vieni jaukiame skaidriame eþerëlyje vidury miðkø. Rodos, jø gyvenimas turëtø tekëti áprastai ir nuobodþiai. Taèiau abu broliai bebrai nuolat patiria neátikëtinai juokingø nuotykiø ir susiduria su keistas þmonëmis: iðprotëjusiu mokslininku, meksikieèiø imtyninkais, ilgaplaukiu nuogalium kanadieèiu ir netgi dviem robotais…"
n, ,Sekmadiená, , , ,09.,05, , ,Vaikams,digimonai.gif,&quot;Digimonai&quot;," (&quot;Digimon: Digital Monsters&quot;). JAV, Japonija, Prancûzija. 1999. Animacinis filmas."
n, ,Sekmadienis, , , ,14.,50, , ,Vaikams,karalius_hilas.gif,Karalius Hilas," (King of the Hill). Animacinë komedija. II dalis."
n, ,Savaitgalá, , , ,08.,10, , ,Vaikams,betmenas.gif,&quot;Betmenas&quot;," (&quot;Batman&quot;). JAV. 1966-1968. Nuotykiø drama. Reþisieriai Robert Butler, James B. Clark. Vaidina Adam West, Burt Ward, Alan Napier, Yvonne Craig.<br>Dienà Briusas Veinas tëra paprastas turtuolis, taèiau vakarais arba, kai Þemei gresia pavojus, jis tampa Betmenu - galingu kovotoju su blogiu. Jo nuotykiai, þygdarbiai ir meilës romanai - veiksmo seriale, kurá pamëgo viso pasaulio þiûrovai."
n, ,Ketvirtadiená-penktadiená, , , ,14.,45, , ,Vaikams,bjaurusis_anciukas.gif,Bjaurusis anèiukas," (Ugly Duckling). 1995. Animacinis filmas."
n, ,Savaitgalá, , , ,09.,45, , ,Vaikams,simpsonai.gif,&quot;Simpsonai&quot;," (&quot;The Simpsons&quot;). JAV. Animacinis filmas visiems."
n, ,Darbo dienomis, , , ,10.,45, , ,Vaikams,paslaptingas.gif,&quot;Paslaptingas Aleks Mek pasaulis&quot;," (&quot;Secret World of Alex Mack&quot;). JAV. 1994. Fantastinis nuotykiø serialas. Vaidina Larisa Oleynik, Meredith Bishop, Darris Love. Po nepavykusio cheminio eksperimento dvylikametë Aleks netikëtai ágauna stebuklingø galiø: ji lengvai pajudina sunkiausius daiktus ir bet kà gali nuspalvinti ryðkiai geltona spalva. Taèiau tokiø galiø jai suteikta ne ðiaip sau - mergaitei skirta susigrumti su piktuoju cheminio augalo savininku."

Laidos

n, ,Antradiená-penktadiená, , , ,14.,45, , ,Laida,ztv.gif,"ZTV."," Muzikos - informacinë laida.Per pusvalandá þiûrovai pamatys naujausius Lietuvos ir uþsienio grupiø vaizdo klipus, pramogø pasaulio ádomybes, bus supaþindinti, kur ir kaip praleisti savaitgalá. Þiûrovai galës rinkti mëgstamiausiø grupiø deðimtukus. Naujàjà laidà veda Martynas Starkus."
n, ,Kasdien, , , ,18.,45, , ,Laida,zinios.gif,TV3 þinios.,"Praëjusio sezono informaciniø TV laidø lyderë. Operatyvias, tikslias ir neðaliðkas naujienas ið Lietuvos bei pasaulio rengia profesionalûs, ávairiuose þiniasklaidos konkursuose apdovanoti korespondentai.<br>Laidà veda patyræ ir þiûrovø pripaþinimo sulaukæ vedëjai - Vilma Èereðkienë ir Marius Veselis.<br><a href="http://www.tv.lt/spot.asp?provider_id=13" target="_blank">TV3 ÞINIOS Internete</a>."
n, ,Kasdien, , , ,19.,05, , ,Laida,sportas.gif,TV3 sportas.,"Iðsamiausios ir aktualiausios Lietuvos ir pasaulio sporto naujienos, papildytos profesionaliais komentarais. <br>Informacijà rengia ir skaito labiausiai patyræs Lietuvoje sporto þiniø redaktorius Dainius Þygelis ir þinomas sporto komentatorius Vytaras Radzevièius."
n, ,Pirmadiená-ketvirtadiená, , , ,19.,10, , ,Laida,be_tab.gif,&quot;Be tabu&quot;.," Kultinë Lietuvoje informacinë pramoginë laida vël pasakos apie keistas ir nekasdieniðkas mûsø ðalies pilieèiø iniciatyvas. Dvi þavios laidos vedëjos - Ramunë Peèiulienë ir Greta Ðapkaitë - kviesis á studijà politikus ávertinti ðalies politiniø aktualijø. Politinius ávykius taip pat apþvelgs ekspertë - þinoma Lietuvos visuomenës veikëja Auksë, o þiûrovø pamëgtas Seimûnas bandys iðsinarplioti ið kurioziðkiausiø situacijø. Laida pirmoji Lietuvoje pradës Prezidento rinkimø kampanijà. <br>Svarbûs laidos dalyviai bus þiûrovai. Jie rungsis viktorinose, dalyvaus ávairiose akcijose, bus apþvelgiami jø laiðkai, pasipils prizai ir siurprizai.<a href="http://www.tv.lt/spot.asp?provider_id=12" target="_blank">BE TABU Internete</a>."
n, ,Antradiená, , , ,21.,15, , ,Laida,lrt.gif,"&quot;Lietuvos Ryto televizija&quot;.","Jau penktàjá sezonà pradedanti publicistinë þurnalo tipo laida nagrinëja visus mûsø visuomenës gyvenimo aspektus. Laidos þurnalistø profesionaliai parengti reportaþai ið Lietuvos ir net tolimø ðaliø padëjo laidai pelnyti populiariausios Lietuvoje publicistinës laidos vardà. <br>Laidà veda Henrikas Vaitiekûnas ir Rimas Bruþas.Laidà kuria prodiuserinë firma &quot;Spaudos televizija&quot;, prodiuseris Romualdas Mironas.<br><a href="http://www.tv.lt/spot.asp?provider_id=20" target="_blank">LIETUVOS RYTO TV Internete</a>."
n, ,Antradiená, , , ,19.,45, , ,Laida,farai.gif,Farai.," Dokumentinë drama. Tikrasis policijos darbas dienà ir naktá Lietuvos miestuose bei miesteliuose. Tikri ávykiai nekomentuojami - visà jø eigà fiksuoja policijos ekipaþà lydinèio laidos operatoriaus kamera. Þiûrovui suteikiama proga bûti liudininku ir viskà vertinti paèiam.<br><a href="http://www.tv.lt/spot.asp?provider_id=81" target="_blank">FARAI Internete</a>."
n, ,Treèiadiená, , , ,19.,45, , ,Laida,x_proc.gif,"&quot;Procesas. X sektorius&quot;.","Publicistinë kriminalinë laida, iðsamiai analizuojanti visuomenæ sukrëtusius ávykius. Þiûrovø teismui pateikiami ðokiruojanèius faktus atskleidþiantys dokumentai, teisëtvarkos nuslëptos kriminalinës bylos, analizuojama, kaip vyko rezonansiniø bylø tyrimas, informuojama apie specialiøjø tarnybø veiklà. Nepamirðti ir paprasti visuomenës nariai, kovojantys su gremëzdiðka biurokratine teisëtvarkos maðina, daþnai gniuþdanèia þmogø.<br>Laidos vedëjas Artûras Vasiliauskas.Laidà kuria prodiuserinë firma UAB &quot;Be tabu&quot; ir Ko, laidos prodiuseriai Virginijus Gaivenis ir Saulius Bartkus.<br><a href="http://www.tv.lt/spot.asp?provider_id=63" target="_blank">PROCESAS. X SEKTORIUS Internete</a>."
n, ,Pirmadiená, , , ,19.,45, , ,Laida,moteru_laime.gif,Moterø laimë.," Þurnalas. Laidos vedëjos Algimanta Þukauskienë ir Brigita Sabaliauskaitë. Gyvenimo bûdo TV þurnalas, kurio temas diktuoja pats gyvenimas. Moters laimë - tai aðis, apie kurià sukasi pasaulis. Taèiau skaudûs iðgyvenimai, tragiðki likimai, laimës ir gyvenimo tikslo paieðkos bûdingos tiek moterims, tiek vyrams. Todël ði laida apie stiprius þmones, gërá ir blogá, kitoká poþiûrá á gyvenimà.<br>Laidà veda Algimanta Þukauskienë ir Brigita Sabaliauskaitë.<br>Laidà kuria prodiuserinë firma &quot;Spaudos televizija&quot;, prodiuseris Romualdas Mironas."
n, ,Sekmadiená, , , ,19.,05, , ,Laida,teleloto.gif,Teleloto.,"Populiariausias televizijos þaidimas Lietuvoje, rengiamas pagal Holivudo televizijos þaidimø prodiuserinës firmos "Jonathan Goodson Productions" licencijà. <br>Tai ne tik nuotaikinga ðeimyninë pramoga sekmadienio vakarà, bet ir puiki proga praturtëti. Pagrindinis loterijos prizas - "Aukso puodas".<br>Laidà veda Gabrielë Bartkutë ir Marijus Þiedas.Laidà kuria prodiuseriø firma "Video reklamos studija", prodiuseris Audrius Girþadas."
n, ,Penktadiená, , , ,19.,45, , ,Laida,vrs.gif,"&quot;VRS kamera&quot;.","Jau klasika tapusi laida jaunatviðkai grakðèiai pristato nekasdieniðkas istorijas. Nors laidos herojams gyvenimas iðkreèia daug linksmø pokðtø ir ástumia á keisèiausias situacijas, pabaiga visada bûna laiminga. Ðá sezonà daugiau galimybiø patekti á juokingas situacijas turës ne tik sostinës, bet ir kitø miestø bei miesteliø gyventojai. Taip pat laidoje bus pristatyta daug naujø talentø.<br>Laidà veda Dainius Martinaitis.Ladà kuria prodiuserinë firma "Video reklamos studija", laidos prodiuseris Dþiugas Juodkazis.<br><a href="http://www.vrskamera.lt" target="_blank">"VRS kamera" oficialus puslapis.</a>"
n, ,Ðeðtadiená, , , ,19.,10, , ,Laida,sapranauskas.gif,&quot;Ðapro ðou&quot;.,"Laidoje ðmaikðèiai pristatomi, komentuojami ir vertinami savaitës ávykiai. Be to, kiekvienos laidos staigmena - sveèias - ádomiausiø ávykiø kaltininkas, iniciatorius ar liudininkas. Savaitës aktualijos ir skandalai virsta anekdotais, nes juos profesionaliai vaidybiðkai perteikia visø pamëgti bei nauji personaþai: pensininkai inteligentai Eligijus ir Leokadija, Lietuvos provincijos politinformatorius Flarijonas (Raimondas Ðilanskas), stambus smulkaus chuliganizmo "ðulas" Liudas (Vitalijus Cololo), deputatas Zahvatskas, Pornuðkiø kaimo kronikininkai ir kt.<br>Laidà veda Vytautas Ðapranauskas ir Asta Baukutë.<br><a href="http://www.tv.lt/spot.asp?provider_id=61" target="_blank">ÐAPRO ÐOU Internete</a>."
n, ,Ketvirtadiená, , , ,19.,45, , ,Laida,karalius.gif,"&quot;Tegyvuoja karalius&quot;",". Humoro laida. Raimondas Ðilanskas ir Vitalijus Cololo - èia ir istoriniai personaþai, ir mûsø kaimieèiai, ir visagaliai gydytojai, ir narsûs policininkai, ir net … gyvûnai.<br> Laidà kuria prodiuserinë firma "Arteta", prodiuseris Maris Martinsonas."
n, ,Sekmadiená, , , ,13.,25, , ,Laida,roberto.gif,&quot;Roberto receptai&quot;.," Kulinarinë laida. Þiûrovø pasigardþiavimui - kulinarijos virtuozo Roberto niekada neiðsenkanèios idëjos. Ðá sezonà iðsipleèia ir laidos geografinës ribos - prasideda kelionës á garsiausias Europos virtuves. Nestigs Roberto virtuvëje ir netikëtø sveèiø.<br> Laidà veda Robertas Ðèesnavièius."
n, ,Darbo dienomis, , , ,17.,40, , ,Laida,jauciates.gif,Kaip jauèiatës?.," Informacinë sveikatinimo laida. Laidos vedëja Rûta Miliauskienë."
n, ,Savaitgalá, , , ,09.,10, , ,Laida,profesorius.gif,Gamtos karalija.," Ðioje laidoje  Gamtos karalijos paslaptis maþiesiems (ir jø tëveliams!) atskleidþia profesorius Rièardas Kazlauskas."
n, ,Sekmadiená, , , ,13.,25, , ,Laida,keliones.gif,"Kelioniø þurnalas &quot;Numalðink kelioniø troðkulá&quot;."

Serialai

n, ,Treèiadiená, , , ,20.,25, , ,Serialas,puma.gif,"Puma"," (Der Puma - Kämpfer mit Herz ). Vokietija. 2000. Veiksmo serialas. Reþ. Axel de Roche, Donnie Yen. Vaidina Mickey Hardt, Susanne Hoss, Jochen Nickel, Aco Jovanovic, Ercan Durmaz.<br>Dþekë Vinter drauge su savo partneriu Mechmetu Ðulcu dirba kriminaliniame Berlyno policijos skyriuje. Jie - ypatinga komanda. Taèiau, kai pasitaiko ypaè sudëtingø ir painiø nuþudymo, ðantaþo ar su mafija susijusiø bylø, jie pasikliauja slaptuoju agentu - &quot;Puma&quot;. Puikus Rytø kovø specialistas, taikvondo mokytojas beginklis gali áþengti ir á pavojingiausià nusikaltëliø buveinæ ir ið jos iðeiti në nesuþeistas… <br>Beveik tobulai ávaldþiusiam Rytø kovos menus, buvusiam modeliui Mikei Hartui puikiai pasirodyti naujausiame nuotykiø ir veiksmo seriale padëjo þymus Honkongo kaskadininkas ir kovø choreografas Donis Jenas (&quot;Kalnietis&quot;)."
n, ,Sekmadiená, , , ,17.,05, , ,Serialas,heraklis.gif,"Heraklis. Legendinës kelionës"," (Hercules: The Legendary Journeys). JAV. 1998. Mitologinis fantastinis serialas. V dalis."
n, ,Treèiadiená-penktadiená, , , ,15.,45, , ,Serialas,apsvaige.gif,Apsvaigæ ið meilës," (Locura De Amor). Meksika. 2000. Drama. Vaidina Ana Liz Rivera, Pia Aun, Osvaldo Bartilotti, Ulises de la Torre, Alejandro de la Madrid. <br>Natalija Sandoval, turtingo verslininko dukra, mokosi prestiþinëje privaèioje mokykloje. Niekas në neátaria, kad èia vyrauja korupcija, o jaunosioms damoms skiriamos skaudþios bausmës uþ menkiausius prasiþengimus. Taèiau vienà dienà niûri mokyklos kasdienybë praskaidrëja - atvyksta jaunas psichologas Enrikë. Pirmàkart já sutikusi Natalija në nemano juo pasitikëti, taèiau jauna ir aistringa ðirdis nujauèia artëjant didþiàjà meilæ…"
n, ,Ðeðtadiená, , , ,16.,10, , ,Serialas,fantaziju.gif,"Fantazijø sala"," (Fantasy Island). JAV. 1998. Nuotykiø serialas. Vaidina Malcom McDowell, Maedchen Amik, Edward Hibbert, Louis Lombard.<br>Naujas nuotykiø serialas þada daug nuostabiø akimirkø nepakartojamo groþio saloje, kur iðsipildo visos svajonës. Èia atklydæ þmonës uþmirðta savo rûpesèius ir atranda daugybæ uþ jø kasdienes problemas svarbesniø dalykø. Jie tampa iðmintingesni ir geresni.<br>Serialo kûrëjas Baris Zonenfildas (Barry Sonenfeld) (&quot;Vyrai juodais drabuþiais&quot;) pasirinko ne tik nuostabià salà, bet ir talentingus aktorius: Malkolmà Makdauelà (&quot;Leksas&quot;), Madchen Amik (&quot;Tvin Pykso miestelis&quot;, &quot;Centrinis parkas&quot;), Edvardà Hibertà (&quot;Pirmøjø þmonø klubas&quot;) ir Luisà Lombardá (&quot;Áprasti átariamieji&quot;)."
n, ,Ðeðtadiená-sekmadiená, , , ,15.,20, , ,Serialas,modeliai.gif,Modeliai," (Models Inc.). JAV. 1994. Drama. Reþ. Reza Badiyi, Chip Chalmers. Vaidina Linda Grei, Cameronas Daddo, Teresa Hill, Carrie Ann Moss, Cassidy Rae, Stephanie Romanov, Kylie Travis.<br>Dvi visame pasaulyje pamëgtas dramas &quot;Melrouzà&quot; ir &quot;Modelius&quot; sieja &quot;giminystës&quot; ryðiai - Amandos Vudvard, þavios ir valdingos ðviesiaplaukës ið Melrouzo motina Hilari Maikls vadovauja nedidelei modeliø agentûrai. Ði drama - pasakojimas apie manekeniø gyvenimà: audringi vakarëliai, intrigos, pasipûtæ modeliuotojai ir niekðingi fotografai… Modeliams tenka patirti nuoskaudø ir nusivylimø, jas persekioja pamiðæ gerbëjai, o geriausios draugës neretai rezga kuo niekðingiausias intrigas, besitaikydamos á jø vietà ant pakylos ar þurnalo virðelyje…<br>Vienà pagrindiniø vaidmenø atlieka Keri En Mos, ákûnijusi Triniti þymiajame veiksmo filme &quot;Matrica&quot;."
n, ,Pirmadiená, , , ,22.,40, , ,Serialas,seksas.gif,"&quot;Seksas ir miestas&quot;"," (&quot;Sex and the City&quot;). JAV. 2000. Komedija. III dalis. (N-14)<br>Keturios niujorkietës toliau aptarinëja labai svarbius klausimus: kaip susieti seksà su politika, ar lytis vis dar svarbi, ar verta susitikinëti su prastai besibuèiuojanèiu vaikinu, kà pasakyti buvusiai meiluþio þmonai… Taèiau ketveriukës ðá sezonà laukia ne tik diskusijos, smagûs vakarëliai ir paðëlæs viengungiðkas gyvenimas… Samanta patirs tai, ko niekada nebuvo patyrusi, Miranda iðsiskirs su savo gyvenimo meile Styvu, Ðarlotë susiþieduos, o Kerë sutiks ðaunø vaikinà… Keturiais &quot;Auksiniais gaubliais&quot; apdovanotoje komedijoje pasirodo ir du nauji personaþai, kuriuos puikiai suvaidino garsûs aktoriai - &quot;Tvin Pykso&quot; þvaigþdë Kyle MacLachlanas ir Johnas Corbettas, matytas veiksmo dramoje &quot;Sveèias&quot;."
n, ,Darbo dienomis, , , ,15.,45, , ,Serialas,devintasis.gif,Devintasis ásakymas," (El Noveno Mandamiento). Meksika. 2000. Drama. Reþ. Eric Morales, Gaston Tuset. Vaidina: Daniela Castro, Armando Araiza, Chantal Andere, Francisko Gattorno, Ana Patricia Rojo, Alejandro Ibarra.<br>  Ði istorija prasidëjo prieð keletà deðimtmeèiø. Izabelë gyveno drauge su savo seserimi Klara ir rengësi tekëti uþ graþuolio Leonardo. Taèiau jos svajoms nebuvo lemta iðsipildyti. Klara intrigomis ir ðunybëmis privertë Leonardà vesti jà, o ne mylimà Izabelæ. Sesers ábauginta, nusivylusi ir áskaudinta ji iðvyksta á Meksikà, kur pagimdo dukrelæ. Po daugelio metø Ana - nelaimingosios Izabelës dukra - sugráð á gimtàjá motinos miestelá, kur suþavës du brolius - Brunà ir Rodrigà. Istorija þada pasikartoti, taèiau neþinia, ar ðákart viskas baigsis laimingai…"
n, ,Treèiadiená, , , ,21.,15, , ,Serialas,mentai.gif,"&quot;Mentai&quot;"," (&quot;Menty-3&quot;). Rusija. 2000. Reþ. Jurijus Serovas. Vaidina Aleksejus Nilovas, Sergejus Selinas, Michailas Truchinas, Anastasija Melnikova, Aleksandras Polovcevas, Jurijus Kuznecovas. III dalis. <br>Naujausia populiaraus rusø kriminalinio serialo dalis. "Mentai" tiria sudëtingiausias ir painiausias bylas. Ðiurpios nusikaltimø detalës, sutrikæ liudininkai, viskà þinantys "draugai" - mafijos bosai, meilës nuotykiai ir stiklinë geros rusiðkos degtinës laisvadiená prie eþero… "Mentai" - tokie pat þmonës kaip ir mes, tik jiems dar tenka kovoti su nusikalstamumu…"
n, ,Antradiená, , , ,20.,20, , ,Serialas,kobra_11.gif,Kobra 11," (Alarm fur Cobra 11 - Die Autobahnpolizei) - 5. Vokietija. 1996 - 2000. Nuotykiø seralas. Reþisieriai Hermanas Joha ir Raouisas W. Heimrichas. Vaidina: Rene Steinke, Erdoganas Atalay, Charlotte Schwab, Carina Weise.<br>Naujàjame serialo sezone greitkelio policijos detektyvai Tomas Kranichas ir Zemyras Gerkhanas toliau tiria sudëtingiausias bylas susijusias su greitkeliais: vaikosi automobiliø vagis, prekeivius narkotikais, samdomus þudikus ir ðantaþuotojus. Specialiajam policijos daliniui „Kobra 11" tenka ne tik persekioti eismo taisykliø paþeidëjus - jie tiria bankø vagystes, paslaptingas avarijas, patenka á nusikaltëliø pinkles… Serialas populiarus ne tik Vokietijoje, bet ir visame pasaulyje, pelnë daugybæ prestiþiniø apdovanojimø uþ áspûdingus specialiuosius efektus ir puikø scenarijø."
n, ,Atradiená, , , ,22.,25, , ,Serialas,x_failai.gif,&quot;X failai&quot;," ("The X-Files") - 7. JAV, Kanada. 1993-2001. Mistinë drama. Reþisierius Chrisas Carteris. Vaidina Gillian Anderson, Davidas Duchovny.<br>1995 ir 1997 metais apdovanota prestiþiðkuoju "Auksiniu gaubliu" mistinë drama ir septintàjá sezonà þada dar daugiau neáprastø reiðkiniø bei nepaaiðkinamø ávykiø. Ðákart netgi FTB agentë Deina Skali regës dalykus, kuriø neámanoma nei moksliðkai, nei racionaliai paaiðkinti. Foksas Malderis toliau ieðkos savo dingusios sesers ir atskleis dar daugiau neátikëtinø faktø, kuriuos bando nuslëpti Amerikos vyriausybë."
n, ,Ðeðtadiená, , , ,11.,05, , ,Serialas,varzoves.gif,Varþovës," (Popular). JAV. 1999. Serialas jaunimui. Reþ. Brian Robbins. Vaidina Leslie Bibb, Carly Pope, Tamara Mello, Chad Lowe. Vasara baigiasi, vël prasideda mokslo metai, taèiau Kenedþio gimnazijos mokiniams galvoje ne mokslai. Svarbiausia bûti populiariems. Merginos eina ið proto dël iðvaizdos, o dvi visiðkai skirtingos ir viena kitos nekenèianèios paauglës netikëtai suþino stulbinanèià naujienà - jø tëvai ketina susituokti. Nuo ðiol dviem &quot;mirtinoms prieðëms&quot; teks gyventi po vienu stogu…"
n, ,Darbo dienomis, , , ,16.,40, , ,Serialas,katalina.gif,Katalina ir Sebastijanas," (Catalina y Sebastian). "). Meksika. 1999. Drama. Reþisierius Antulio Jimenez Ponsas. Vaidina Silvia Navarro, Sergio Basanezas, Sergio Kleineris, Claudia Islas, Alberto Mayagoitia. <br> Tëvø verèiama Katalina iðteka uþ turtuolio sûnaus. Atvykusi á vyro namus, supranta esanti apgauta - Sebastijanas pasirodo esàs tik paprastas ranèos valdytojas. Katalina susitaiko su likimu, pamaþu pamilsta savo vyrà, taèiau Sebastijanas netikëtai pareikalauja skyrybø... <br>Dramoje vaidina garsi meksikieèiø aktorë Silvia Navarro, TV3 þiûrovams paþástama kaip Perla (Perla)."
n, ,Treèiadiená, , , ,22.,30, , ,Serialas,angelas.gif,"&quot;Angelas&quot;"," (&quot;Angel&quot;). Japonija, JAV. 1999. Fantastinis veiksmo filmas."
n, ,Sekmadiená, , , ,17.,05, , ,Serialas,stokingeris.gif,Ðtokingeris," (Stockinger). Austrija. 1995. Detektyvinë komedija. Reþ. Jorg Grunler, Dagmar Damek. <br>Komisaras Ernestas Ðtokingeris ið Vienos perkeliamas á Zalcburgà. Èia jis gauna naujà partnerá - þavià karatë meistræ panelæ Simoni. Drauge jie tiria sudëtingas, paslaptingas ir pavojingas bylas…"
n, ,Penktadiená, , , ,24.,20, , ,Serialas,anapus.gif,Anapus ribos," (Outer Limits). JAV/ Kanada. 1995. Fantastinis - mistinis serialas. Reþ. Stuart Gillard. Vaidina Beau Bridges, Lloyd Bridges, Larry Drake, Alyssa Milano, Robert Patrick, Blu Mankuma. (N-14)"
n, ,Ketvirtadiená, , , ,22.,35, , ,Serialas,poltergeistas.gif,&quot;Poltergeistas - Legatas&quot;," ("Poltergeist: The Legacy") - 2. Kanada, JAV. 1997-1998. Mistinë drama. Reþisieriai Mario Azzopardis ir Jerry Ciccorittis. Vaidina Derekas de Lintas, Martinas Cumminsas, Robbi Chong, Helena Shaver, Alexandra Purvis, Patrickas Fitzgeraldas. <br>Slapta, ðimtmeèius gyvuojanti "Legato" organizacija toliau tiria paslaptingus reiðkinius, kraupius ir nepaaiðkinamus nusikaltimus, siaubingus regëjimus ir keistus ávykius. "Legato" organizacijos nariams tenka susidurti su demonais, vaiduokliais, ið kitø pasauliø atklydusiomis bûtybëmis ir piktosiomis dvasiomis, kuriø paprasti þmonës në neátaria esant…"
n, ,Ðeðtadiená, , , ,10.,15, , ,Serialas,ziede.gif,&quot;Þiedë&quot;," (&quot;Blossom&quot;). JAV. 1991. Komedija. "n
n, ,Pirmadiená, , , ,10.,15, , ,Serialas,bukiausi.gif,"Bukiausi Amerikos nusikaltëliai"," (America's Dumbest Criminals). JAV. Humoristinis serialas. III dalis. 11 s."
n, ,Ðeðtadiená, , , ,14.,50, , ,Serialas,trecias_luitas.gif,&quot;Treèias luitas uþ Saulës&quot;," (&quot;Third Rock from the Sun&quot;). JAV. 1996-2000. Komedija. Prodiuseriai Bonnie Turner, Terry Turner. Vaidina John Lithgow, Jane Curtin.<br>Dvideðimt ðeðiais "Emmy" ir "Auksiniu gaubliu" besipuikuojantis humoro serialas - tai ðmaikðti istorija apie ketvertà ateiviø, gavusiø uþduotá stebëti gyvenimà treèiajame luite uþ Saulës - Þemëje."
n, ,Pirmadiená, , , ,11.,10, , ,Serialas,septintas_dangus.gif,&quot;Septintas dangus&quot;," (&quot;The Seventh Heaven&quot;). JAV. 1996. Drama. "

n,7,Sekmadienis, , , ,22.,55, , ,Serialas,tukstantmetis.gif,Tûkstantmetis," (Millennium). JAV. 1999. Trileris. Serialo autorius Chris Carter (TV serialas "X failai"). Vaidina Lance Henriksen, Megan Gallagher, Bill Smitrovich. (N-14).<br> Artëjant treèiajam tûkstantmeèiui, þmonëms vis didesná nerimà kelia apokalipsinës pranaðystës apie netrukus ávyksiantá paskutinájá Kristaus nuþengimà á þemæ ir apie pasaulio pabaigà. Slaptoji milenarø draugija siekia pasirengti paskutiniàjam blogio jëgø ðturmui. FTB detektyvas Frenkas Blekas - vienas ið jø. Jis turi nepaprastà sugebëjimà matyti þudiko akimis ir nuspëti nusikaltëlio veiksmus. Kompozitorius Mark Snow (TV serialas "X failai")."
n, ,Savaitgalá, , , ,09,45, , ,Serialas,darma.gif,Darma ir Gregas,"JAV. 1998. Komedija. Serialo autoriai Chuck Lorre, Dottie Dartland. Vaidina Jenna Elfman, Thomas Gibson, Mimi Kennedy.<br> Laisvamanë hipiø dukra Darma sutinka jaunà advokatà, aristokratø sûnø Gregà Montgomerá. Neilgai trukus, tà paèià dienà, jiedu susituokia. Tëvai panikuoja, o jaunieji sprendþia vedybines problemas, iðkylanèias dël to, kad jiedu visiðkai skirtingi. Taèiau tai visai netrukdo karðtai vienam kità mylëti…."
n, ,Treèiadiená-ketvirtadiená, , , ,14.,00, , ,Serialas,zvaigzdziu_v.gif,Þvaigþdþiø vartai," (Stargate SG - I ). JAV. 1999. Fantastinis serialas. Reþ. Mario Azzopardi. Vaidina Richard Dean Anderson, Michael Shanks, Amanda Tapping, Christopher Judge. <br>Þemëje ir dar vienoje planetoje yra &quot;Þvaigþdþiø vartai&quot;, per kuriuos, þinantys kodà, gali patekti ið vienos planetos á kità. Taèiau vienà dienà visø uþmirðti ir nebe taip akylai saugomi vartai atsiveria Þemëje. Kitos palnetos smogikai pagrobia vienà þemietæ. Ir èia prisimenamas karininkas kadaise jau keliavæs pro &quot;Þvaigþdþiø vartus&quot;.Ðis, suformavæs naujà komandà, ryþtasi keliauti á planetà, su kuria jungia vartai. Taèiau paaiðkëja, kad dabar vartai veda ir á kitus pasaulius. Narsioji komanda leidþiasi kosminiø smogikø pëdsakais."
n, ,Antradiená-ketvirtadiená, , , ,12.,50, , ,Serialas,sumazinau.gif,"Brangioji, að sumaþinau vaikus"," (Honey, I Shrunk The Kids). JAV. 1997. Komedija. Vaidina Peter Scolari, Barbara Alyn Woods, Bruce Jarchow.<br>Komedija apie iðsiblaðkiusá mokslininkà, sukûrusá neáprastà maþinimo aparatà. Serialas sukurtas pagal þymiàjà to paties pavadinimo komedijà."
n, ,Sekmadiená, , , ,17.,50, , ,Serialas,vip.gif,&quot;V.I.P.&quot;," (&quot;V.I.P&quot;). JAV. 1998. Nuotykiø filmas. Reþ. Chuck Bowman, Steve Cohen. Vaidina Pamela Anderson, Molly Culver, Shaun Baker, Natalie Raitano, Leah Lail. II dalis.<br> Pamela Anderson vaidina visame pasaulyje pamëgtame nuotykiø seriale "V.I.P.". Ji - þavi ir kiek lengvabûdë blondinë, vadovaujanti apsaugos tarnybai, kurios klientai - turtingos áþymybës.  Nors þaviajai Valeri buvo þadëta, kad ji tik ðypsosis fotografams ir vaþinës á parduotuves prabangiais automobiliais, taèiau realybë pasirodë visai kitokia. "Apsauginiø bosë" nuolat patiria pavojingø nuotykiø…"

Sportininkai

n, ,Kasdien, , , ,19.,05, , ,Sportas,sportas.gif,TV3 sportas.,"Iðsamiausios ir aktualiausios Lietuvos ir pasaulio sporto naujienos, papildytos profesionaliais komentarais. <br>Informacijà rengia ir skaito labiausiai patyræs Lietuvoje sporto þiniø redaktorius Dainius Þygelis ir þinomas sporto komentatorius Vytaras Radzevièius."
n, ,Ðeðtadiená, , , ,13.,25, , ,Sportas,uefa.gif,UEFA Èempionø lygos apþvalga.
n, , , , , , , , , ,Sportas,uefa.gif,UEFA Èempionø lygos rungtynës.
n, ,Antradienis, , , ,19.,30, , ,Sportas,rsaporta.gif,"R. Saportos taurës krepðinio rungtynës.","Tiesioginës transliacijos.<BR>TV3 transliuos namuose vyksianèias rungtynes."
n, ,Ketvirtadiená, , , ,20.,00, , ,Sportas,eurolyga.gif,Eurolygos rungtynës.
n, ,Ketvirtadiená, , , ,19.,45, , ,Sportas,euroliga.gif,Euroliga.," Eurolygos rungtyniø apþvalginë laida. Laidos vedëjas Martynas Starkus."
n, ,Sekmadiená, , , ,13.,55, , ,Sportas,eurolyga.gif,Eurolygos apþvalga.
n, ,Sekmadiená, , , ,23.,20, , ,Sportas,buriavimas.gif,"Iððûkis pergalei."," (Victory Challenge). Buriavimo varþybos.<br>Lietuvos TV3 þiûrovai nuo ðiol galës groþëtis grakðèiomis jachtomis &quot;Victory Challenge&quot; pasaulio buriavimo varþybose. Jose dalyvaujanèios komandos rungtyniaus dël teisës 2003 metais dalyvauti prestiþinëje Naujosios Zelandijos karaliðkosios jachtø eskadros nuolat rengiamoje &quot;Amerikos taurës&quot; regatoje, kurios istorija siekia 1871 metus."
n, ,Sekmadiená, , , ,22.,05, , ,Sportas,gillette.gif,"&quot;Gillette&quot; pasaulio sporto apþvalga."

